Index,Current_Close,Predicted_Tomorrow
S&P500,5906.93994140625,5909.164134772228
Nikkei 225,40281.16015625,40288.67570670595
EEM (Emerging Markets),41.959999084472656,41.94158531308228
Euro Stoxx 50,4898.8798828125,4897.511037925014
