Index,Current_Close,Predicted_Tomorrow
S&P500,5906.93994140625,5909.164134772228
Nikkei 225,40281.16015625,40288.67570670595
EEM (Emerging Markets),41.557411193847656,41.53917407993285
Euro Stoxx 50,4898.8798828125,4897.511037925014
